{
	"pages": [ //pages数组中第一项表示应用启动页，参考：https://uniapp.dcloud.io/collocation/pages
		{
			"path": "pages/welcome/welcome"
		}
	    ,{
            "path" : "pages/challenge1/challenge1",
            "style" :                                                                                    
            {
                "navigationBarTitleText": "",
                "enablePullDownRefresh": false
            }
            
        }
        ,{
            "path" : "pages/challenge2/challenge2",
            "style" :                                                                                    
            {
                "navigationBarTitleText": "",
                "enablePullDownRefresh": false
            }
            
        }
		,{
		    "path" : "pages/result/result",
		    "style" :                                                                                    
		    {
		        "navigationBarTitleText": "",
		        "enablePullDownRefresh": false
		    }
		    
		}
		,{
		    "path" : "pages/challenge3/challenge3",
		    "style" :                                                                                    
		    {
		        "navigationBarTitleText": "",
		        "enablePullDownRefresh": false
		    }
		    
		}
		,{
		    "path" : "pages/challenge4/challenge4",
		    "style" :                                                                                    
		    {
		        "navigationBarTitleText": "",
		        "enablePullDownRefresh": false
		    }
		    
		},
		{
			"path": "pages/index/index",
			"style": {
				"navigationBarTitleText": "咨询"
		
			}
		},
		{
			"path": "pages/index2/index2",
			"style": {
				"navigationBarTitleText": "咨询2"
		
			}
		},
		{
			"path": "pages/improve/improve",
			"style": {
				"navigationBarTitleText": "薪提升"
			}
		
		}, {
			"path": "pages/myself/myself",
			"style": {
				"navigationBarTitleText": "我的"
			}
		
		}
		,{
		    "path" : "pages/introduct/introduct",
		    "style" :                                                                                    
		    {
		        "navigationBarTitleText": "行业资讯",
		        "enablePullDownRefresh": false
		    }
		    
		}
		,{
		    "path" : "pages/vidio/vidio",
		    "style" :                                                                                    
		    {
		        "navigationBarTitleText": "视频号",
		        "enablePullDownRefresh": false
		    }
		    
		}
		,{
		    "path" : "pages/course/course",
		    "style" :                                                                                    
		    {
		        "navigationBarTitleText": "课程详情",
		        "enablePullDownRefresh": false
		    }
		    
		}
		
		,{
		    "path" : "pages/pinggu/pinggu",
		    "style" :                                                                                    
		    {
		        "navigationBarTitleText": "评估",
		        "enablePullDownRefresh": false
		    }
		    
		}
		,{
		    "path" : "pages/shoucang/shoucang",
		    "style" :                                                                                    
		    {
		        "navigationBarTitleText": "收藏",
		        "enablePullDownRefresh": false
		    }
		    
		},
		{
            "path" : "pages/jiashe/jiashe",
            "style" :                                                                                    
            {
                "navigationBarTitleText": "",
                "enablePullDownRefresh": false
            }
            
        }
		
    ],
	
	"tabBar": {
		"color": "#999999",
		"selectedColor": "#007AFF",
		"backgroundColor": "#ffffff",
		"borderStyle": "black",
		"list": [{
			"pagePath": "pages/index/index",
			"text": "资讯",
			"iconPath": "static/最新资讯-01.png",
			"selectedIconPath": "static/资讯07.png"
		}, {
			"pagePath": "pages/improve/improve",
			"text": "提升",
			"iconPath": "static/火箭,快速,技术,升级.png",
			"selectedIconPath": "static/火箭.png"
		}, {
			"pagePath": "pages/myself/myself",
			"text": "个人",
			"iconPath": "static/个人.png",
			"selectedIconPath":"static/个人资料.png"
		}]
	},
	"globalStyle": {
		"navigationBarTextStyle": "black",
		"navigationBarTitleText": "jorbin-MagicNavigationBar",
		"navigationBarBackgroundColor": "#F8F8F8",
		"backgroundColor": "#F8F8F8"
	}
}
